{
    "name": "TRADE",
    "short_name": "TRADE",
    "start_url": "/",
    "display": "standalone",
    "scope" : "/",
    "background_color": "#d2196b",
    "theme_color": "#d2196b",
    "orientation": "portrait",
    "icons": [
        {
            "src": "asset/theme3/images/icon/icon.jpg",
            "type": "image/png",
            "sizes": "72x72",
            "purpose": "any maskable"
        },
        {
            "src": "asset/theme3/images/icon/icon.jpg",
            "type": "image/png",
            "sizes": "96x96",
            "purpose": "any maskable"
        },
        {
            "src": "asset/theme3/images/icon/icon.jpg",
            "type": "image/png",
            "sizes": "128x128",
            "purpose": "any maskable"
        },
        {
            "src": "asset/theme3/images/icon/icon.jpg",
            "type": "image/png",
            "sizes": "144x144",
            "purpose": "any maskable"
        },
        {
            "src": "asset/theme3/images/icon/icon.jpg",
            "type": "image/png",
            "sizes": "152x152",
            "purpose": "any maskable"
        },
        {
            "src": "asset/theme3/images/icon/icon.jpg",
            "type": "image/png",
            "sizes": "192x192",
            "purpose": "any maskable"
        },
        {
            "src": "asset/theme3/images/icon/icon.jpg",
            "type": "image/png",
            "sizes": "384x384",
            "purpose": "any maskable"
        },
        {
            "src": "asset/theme3/images/icon/icon.jpg",
            "type": "image/png",
            "sizes": "512x512",
            "purpose": "any maskable"
        }
    ]
}